Ubicación,Año_count,Año_mean,Año_min,Año_max,Año_var,Año_std,Año_obtener_moda,Año_kurt,Mes_count,Mes_mean,Mes_min,Mes_max,Mes_var,Mes_std,Mes_obtener_moda,Mes_kurt,Día_count,Día_mean,Día_min,Día_max,Día_var,Día_std,Día_obtener_moda,Día_kurt,Hora_count,Hora_mean,Hora_min,Hora_max,Hora_var,Hora_std,Hora_obtener_moda,Hora_kurt,Dia_semana_count,Dia_semana_obtener_moda
ABANDONED BUILDING,16,2013.3125,2012,2016,1.9625000000001407,1.40089257261224,2012,-1.0583047525722686,16,6.375,3,12,9.45,3.0740852297878796,Mayo,-0.4916491084291539,16,16.5625,3,29,71.86250000000001,8.477175237070425,8,-1.2384480086889464,16,10.6875,0,22,39.5625,6.289872812704562,0,-0.0808222781314134,16,
AIRCRAFT,2,2015.0,2015,2015,0.0,0.0,2015,,2,7.0,2,12,50.0,7.0710678118654755,,,2,2.0,2,2,0.0,0.0,2,,2,13.5,10,17,24.5,4.949747468305833,No hay moda,,2,
AIRPORT BUILDING NON-TERMINAL - NON-SECURE AREA,2,2015.0,2014,2016,2.0,1.4142135623730951,No hay moda,,2,1.5,1,2,0.5,0.7071067811865476,,,2,14.0,13,15,2.0,1.4142135623730951,No hay moda,,2,14.5,9,20,60.5,7.7781745930520225,No hay moda,,2,
AIRPORT BUILDING NON-TERMINAL - SECURE AREA,1,2016.0,2016,2016,,,No hay moda,,1,6.0,6,6,,,,,1,3.0,3,3,,,No hay moda,,1,22.0,22,22,,,No hay moda,,1,
AIRPORT EXTERIOR - NON-SECURE AREA,1,2014.0,2014,2014,,,No hay moda,,1,11.0,11,11,,,,,1,2.0,2,2,,,No hay moda,,1,23.0,23,23,,,No hay moda,,1,
AIRPORT PARKING LOT,1,2016.0,2016,2016,,,No hay moda,,1,4.0,4,4,,,,,1,4.0,4,4,,,No hay moda,,1,12.0,12,12,,,No hay moda,,1,
AIRPORT TERMINAL LOWER LEVEL - NON-SECURE AREA,5,2014.2,2013,2015,0.7000000000000455,0.8366600265341028,2014,-0.6122448979588491,5,8.0,6,10,3.5,1.8708286933869707,Junio,-2.8979591836734695,5,11.0,6,14,14.0,3.7416573867739413,14,-2.362244897959184,5,9.8,0,17,40.2,6.340346993658944,12,1.2575183782579646,5,
AIRPORT TERMINAL LOWER LEVEL - SECURE AREA,2,2014.0,2013,2015,2.0,1.4142135623730951,No hay moda,,2,6.5,5,8,4.5,2.1213203435596424,,,2,21.0,16,26,50.0,7.0710678118654755,No hay moda,,2,9.0,1,17,128.0,11.313708498984761,No hay moda,,2,
AIRPORT TERMINAL UPPER LEVEL - SECURE AREA,16,2013.5,2012,2016,1.7333333333332963,1.3165611772087524,2013,-1.0558228753495027,16,6.25,1,12,16.999999999999996,4.12310562561766,Enero,-1.4293471234647708,16,15.625,5,27,56.51666666666665,7.517756757615044,5,-1.0871920379149822,16,11.1875,5,21,22.295833333333338,4.721846390272913,5,-0.5532786537243566,16,
AIRPORT VENDING ESTABLISHMENT,5,2013.4,2012,2015,1.7999999999999545,1.341640786499857,2012,-2.4074074074072724,5,4.8,1,9,15.2,3.8987177379235853,Septiembre,-3.115477839335181,5,20.0,10,31,62.5,7.905694150420948,No hay moda,-0.0019200000000001438,5,7.8,0,22,81.19999999999999,9.011104260855047,0,1.1120446989735289,5,
AIRPORT/AIRCRAFT,2,2013.5,2013,2014,0.5,0.7071067811865476,No hay moda,,2,8.0,4,12,32.0,5.656854249492381,,,2,9.5,7,12,12.5,3.5355339059327378,No hay moda,,2,13.5,13,14,0.5,0.7071067811865476,No hay moda,,2,
ALLEY,146,2013.6712328767123,2012,2016,2.0704770902220697,1.4389152477550822,2012,-1.254451362151687,146,6.52054794520548,1,12,10.761643835616434,3.2804944498682564,Marzo,-1.0867066244399586,146,15.835616438356164,1,31,91.68313651393483,9.575131148654561,2,-1.3108271415867643,146,13.534246575342467,0,23,52.25054322153991,7.22845372272244,19,-0.8817078211028333,146,
ANIMAL HOSPITAL,1,2015.0,2015,2015,,,No hay moda,,1,9.0,9,9,,,,,1,25.0,25,25,,,No hay moda,,1,13.0,13,13,,,No hay moda,,1,
APARTMENT,873,2013.8293241695303,2012,2016,1.9169372720872344,1.3845350382302481,2013,-1.226508872299223,873,6.224513172966781,1,12,11.649077314333153,3.4130744665672257,Marzo,-1.1651464481425302,873,15.497136311569301,1,31,76.47046197337036,8.744739102647396,9,-1.1811551112719232,873,12.223367697594501,0,23,47.79293956303803,6.913243780096145,8,-1.0622838555490022,873,
APPLIANCE STORE,1,2013.0,2013,2013,,,No hay moda,,1,10.0,10,10,,,,,1,13.0,13,13,,,No hay moda,,1,13.0,13,13,,,No hay moda,,1,
ATHLETIC CLUB,13,2014.1538461538462,2012,2016,1.9743589743589585,1.4051188470584823,2015,-1.3043254266394326,13,7.6923076923076925,1,12,15.064102564102564,3.881250129030924,Diciembre,-1.1726700851886904,13,17.46153846153846,5,30,55.26923076923077,7.434327862640359,12,-0.5668153768013862,13,13.846153846153847,1,21,29.807692307692303,5.459642140991688,9,1.169453879481598,13,
ATM (AUTOMATIC TELLER MACHINE),10,2014.5,2012,2016,2.0555555555555682,1.4337208778404422,2015,-1.0011478660127309,10,7.8,2,12,10.177777777777777,3.190262963734773,Julio,-0.5121367686679181,10,11.8,1,24,46.17777777777778,6.795423296438403,11,0.056586108891946374,10,9.6,1,22,43.599999999999994,6.603029607687671,4,-0.34387136724902945,10,
BANK,26,2014.4615384615386,2012,2016,1.6984615384615227,1.3032503744336783,2016,-1.3844119852880192,26,6.3076923076923075,1,12,10.621538461538462,3.259070183585874,Junio,-0.9461161454672222,26,19.346153846153847,4,31,68.23538461538462,8.26047121025094,7,-0.9614117468471588,26,10.346153846153847,0,20,21.835384615384616,4.6728347515597655,9,0.5101609486925498,26,
BAR OR TAVERN,49,2014.408163265306,2012,2016,1.9132653061224891,1.3832083379312348,2016,-1.0876881899476785,49,6.73469387755102,1,12,10.323979591836737,3.2130950175549957,Abril,-0.9165350098014979,49,16.612244897959183,1,31,80.45068027210884,8.96943032037759,26,-1.260383774779118,49,8.408163265306122,0,23,92.74659863945574,9.63050355066939,2,-1.4962408648546641,49,
BARBERSHOP,8,2013.625,2012,2016,2.5535714285713347,1.597989808656906,2013,-0.795813976233557,8,7.75,1,12,17.071428571428573,4.131758532565592,Octubre,-0.5931268710281685,8,19.0,8,31,76.85714285714286,8.76682056718072,No hay moda,-1.5937936181092027,8,17.875,14,20,4.982142857142857,2.2320714274285347,20,-0.7316452769106254,8,
BOAT/WATERCRAFT,1,2015.0,2015,2015,,,No hay moda,,1,7.0,7,7,,,,,1,5.0,5,5,,,No hay moda,,1,2.0,2,2,,,No hay moda,,1,
BOWLING ALLEY,1,2013.0,2013,2013,,,No hay moda,,1,9.0,9,9,,,,,1,28.0,28,28,,,No hay moda,,1,22.0,22,22,,,No hay moda,,1,
CAR WASH,4,2013.5,2012,2016,3.6666666666666665,1.9148542155126762,2012,-1.2892561983471076,4,10.25,7,12,4.916666666666667,2.217355782608345,Noviembre,3.264579143924159,4,15.0,6,23,76.66666666666667,8.755950357709132,No hay moda,-5.359735349716447,4,13.25,7,23,54.916666666666664,7.41057802513857,No hay moda,-0.9752119019713046,4,
CHA APARTMENT,22,2013.2272727272727,2012,2016,1.9935064935065785,1.4119158946292014,2012,-0.15171837646197428,22,6.0,1,10,7.999999999999997,2.82842712474619,Mayo,-0.7114191729323305,22,14.409090909090908,1,29,81.68181818181819,9.037799410355277,17,-1.234812307454039,22,14.090909090909092,2,22,33.22943722943723,5.764498003246877,16,-0.16845074271038918,22,
CHA HALLWAY/STAIRWELL/ELEVATOR,7,2013.857142857143,2012,2016,2.4761904761905384,1.5735915849389062,2012,-1.6837278106508826,7,6.714285714285714,1,12,18.57142857142857,4.309458036856673,Marzo,-2.0670295857988186,7,6.571428571428571,1,13,20.28571428571429,4.503966505838414,No hay moda,-1.1514382067050182,7,13.285714285714286,6,18,21.23809523809524,4.6084807950229365,No hay moda,-0.9042047899615921,7,
CHA PARKING LOT/GROUNDS,17,2013.7058823529412,2012,2016,1.9705882352941886,1.4037764192684634,2012,-1.1550456671864753,17,6.0,1,12,15.375,3.9210967853395307,Enero,-1.2739355825614003,17,16.647058823529413,1,29,87.99264705882351,9.380439598378294,1,-0.9074038446181101,17,13.764705882352942,1,23,68.56617647058823,8.280469580318995,1,-1.3513334849979914,17,
CHURCH/SYNAGOGUE/PLACE OF WORSHIP,13,2013.1538461538462,2012,2016,1.8076923076922906,1.3445044840729579,2012,0.19581052718202274,13,6.153846153846154,1,12,18.807692307692307,4.336783636255365,Febrero,-1.7867185536725234,13,14.307692307692308,2,30,89.56410256410255,9.463831283581854,No hay moda,-0.8294507762108294,13,15.692307692307692,10,22,15.730769230769232,3.9662033773836196,13,-1.041386974883308,13,
CLEANING STORE,2,2013.0,2012,2014,2.0,1.4142135623730951,No hay moda,,2,3.0,1,5,8.0,2.8284271247461903,,,2,5.0,5,5,0.0,0.0,5,,2,8.0,7,9,2.0,1.4142135623730951,No hay moda,,2,
COIN OPERATED MACHINE,1,2014.0,2014,2014,,,No hay moda,,1,11.0,11,11,,,,,1,10.0,10,10,,,No hay moda,,1,22.0,22,22,,,No hay moda,,1,
COLLEGE/UNIVERSITY GROUNDS,5,2013.8,2012,2016,2.69999999999996,1.6431676725154862,2013,-1.6872427983537364,5,8.0,4,11,8.5,2.9154759474226504,,-1.5986159169550174,5,10.6,3,30,121.3,11.013627921806693,No hay moda,4.418721612321589,5,11.0,0,21,63.5,7.968688725254614,9,-0.15760431520863083,5,
COMMERCIAL / BUSINESS OFFICE,32,2014.03125,2012,2016,2.095766129032234,1.4476761133044345,2015,-1.3213493393022675,32,6.6875,1,12,13.834677419354835,3.7194996194857763,Julio,-1.3564111863508166,32,14.6875,1,31,59.96370967741935,7.743623807844706,14,-0.7863939875766524,32,10.96875,0,23,33.5796370967742,5.794793964997737,14,0.007401060493207545,32,
CONSTRUCTION SITE,9,2013.888888888889,2012,2016,2.3611111111111107,1.5365907428821477,2012,-1.562432031636153,9,7.444444444444445,2,10,8.277777777777779,2.8771127502720115,Octubre,-0.2958167907494511,9,11.777777777777779,4,29,69.44444444444446,8.333333333333334,No hay moda,1.0016063999999991,9,10.666666666666666,0,19,61.75,7.858116822750856,16,-1.88877987556871,9,
CONVENIENCE STORE,39,2014.2820512820513,2012,2016,2.3130904183533234,1.520884748543861,2016,-1.2490970156594456,39,6.589743589743589,1,12,9.879892037786774,3.1432295553756133,Mayo,-0.8303518083940284,39,19.358974358974358,1,31,57.973009446693666,7.614000883024224,19,-0.219627055553679,39,13.051282051282051,2,22,30.83940620782727,5.553323888251726,14,-0.5575851418343891,39,
CTA BUS,29,2013.5862068965516,2012,2016,1.4655172413792634,1.2105854952787363,2013,-0.3213523116635071,29,5.827586206896552,1,12,9.004926108374383,3.0008209057480224,Mayo,-0.700602146490084,29,15.96551724137931,1,29,84.67733990147784,9.202029118704083,27,-1.327012139469519,29,13.448275862068966,1,22,25.1847290640394,5.01843890707453,8,0.10646195089004484,29,
CTA BUS STOP,19,2012.8947368421052,2012,2014,0.5438596491228155,0.7374684055082058,2013,-0.9978576237986698,19,8.052631578947368,2,12,9.830409356725147,3.1353483628976777,Noviembre,-0.7057238844374183,19,10.473684210526315,1,30,70.26315789473684,8.382312204561272,1,1.1091899886102916,19,14.263157894736842,0,19,25.204678362573098,5.020426113645444,12,2.68421206629518,19,
CTA GARAGE / OTHER PROPERTY,11,2013.2727272727273,2012,2016,1.6181818181818417,1.272077756342686,2013,0.90266380507523,11,5.818181818181818,2,11,9.363636363636363,3.060005941764879,Abril,-1.4022433782637402,11,14.909090909090908,1,27,56.29090909090909,7.5027267770397374,13,0.08302890618218672,11,14.363636363636363,6,20,23.054545454545455,4.801514912456844,19,-1.0767907432654331,11,
CTA PLATFORM,34,2013.0882352941176,2012,2016,1.7798573975044596,1.334112962797551,2012,-0.06973005342867156,34,6.617647058823529,1,12,12.12210338680927,3.481681115037572,Junio,-1.099093723159101,34,15.411764705882353,1,29,71.58288770053478,8.460667095479812,10,-1.239921036242091,34,14.382352941176471,0,22,29.637254901960784,5.44401092044834,11,0.1732219878958685,34,
CTA STATION,13,2015.2307692307693,2014,2016,0.5256410256410257,0.7250110520819842,2015,-0.7550700340704708,13,7.3076923076923075,1,12,10.230769230769234,3.1985573671218144,Julio,-0.39743137748677926,13,16.53846153846154,2,28,87.1025641025641,9.33287544664366,No hay moda,-1.6135310618961496,13,14.384615384615385,4,23,36.0897435897436,6.007473977450389,4,-0.44297111704930137,13,
CTA TRACKS - RIGHT OF WAY,1,2015.0,2015,2015,,,No hay moda,,1,1.0,1,1,,,,,1,21.0,21,21,,,No hay moda,,1,5.0,5,5,,,No hay moda,,1,
CTA TRAIN,28,2014.107142857143,2012,2016,2.3955026455027775,1.5477411429249974,2014,-1.3843218380700306,28,7.035714285714286,1,12,12.924603174603176,3.5950804128145974,Octubre,-1.3895801006314241,28,14.321428571428571,2,29,90.74470899470901,9.526001731823746,8,-1.5828981327709486,28,11.285714285714286,0,23,55.24867724867723,7.432945395243882,4,-1.4605915614680753,28,
CURRENCY EXCHANGE,14,2014.142857142857,2012,2016,1.670329670329725,1.2924123453177492,2013,-1.0040134726768821,14,7.0,1,12,13.076923076923077,3.616202853397895,Marzo,-1.3061340044039005,14,17.0,4,28,40.61538461538461,6.373020054525532,15,0.3627559166040575,14,11.5,0,18,27.807692307692303,5.273299944787164,11,1.3525426611633806,14,
DAY CARE CENTER,4,2013.75,2012,2016,4.250000000000019,2.0615528128088347,2012,-4.858131487889274,4,7.75,2,11,16.25,4.031128874149275,,2.0307692307692307,4,14.5,6,26,102.33333333333333,10.115993936995679,6,-4.318390646054601,4,11.0,7,16,15.333333333333334,3.9157800414902435,No hay moda,-0.7684310018903595,4,
DELIVERY TRUCK,2,2012.0,2012,2012,0.0,0.0,2012,,2,6.0,1,11,50.0,7.0710678118654755,,,2,22.5,21,24,4.5,2.1213203435596424,No hay moda,,2,11.0,8,14,18.0,4.242640687119285,No hay moda,,2,
DEPARTMENT STORE,92,2013.8260869565217,2012,2016,1.96942188246537,1.4033609238059075,2013,-1.3025500066633258,92,6.478260869565218,1,12,12.62589584328715,3.553293661279229,Marzo,-1.2607719215203455,92,15.804347826086957,1,30,63.2580028666985,7.953489980297863,19,-1.017269430209148,92,14.826086956521738,0,23,15.354037267080752,3.918422803511733,15,2.5484613595013808,92,
DRIVEWAY - RESIDENTIAL,19,2014.2631578947369,2012,2016,1.4269005847953506,1.194529440740307,2014,-0.7627411788418805,19,8.31578947368421,4,12,5.116959064327485,2.2620696417943202,Agosto,-0.5331422809123643,19,15.0,2,30,67.22222222222223,8.19891591749923,11,-0.5532372828921202,19,14.368421052631579,0,23,66.13450292397661,8.132312274130687,22,-1.0934020310413866,19,
DRUG STORE,16,2014.125,2012,2016,2.250000000000038,1.5000000000000127,2014,-1.2255596255596255,16,5.9375,1,12,10.595833333333333,3.2551241655785317,Agosto,-1.0407426050500446,16,16.6875,4,29,60.09583333333333,7.752150239342201,18,-0.8829865561133876,16,11.625,1,19,33.583333333333336,5.795112883571237,15,-0.9039007541602841,16,
FACTORY/MANUFACTURING BUILDING,9,2013.6666666666667,2012,2016,2.749999999999933,1.6583123951776797,2012,-1.5253837072020326,9,6.555555555555555,1,11,11.027777777777779,3.320809807528546,Septiembre,-0.9316980629278793,9,13.666666666666666,4,22,39.25000000000001,6.264982043070835,18,-1.266397361817054,9,15.11111111111111,7,23,29.61111111111112,5.441609239104837,16,-0.8955634124718466,9,
FEDERAL BUILDING,1,2015.0,2015,2015,,,No hay moda,,1,6.0,6,6,,,,,1,22.0,22,22,,,No hay moda,,1,12.0,12,12,,,No hay moda,,1,
FIRE STATION,1,2013.0,2013,2013,,,No hay moda,,1,6.0,6,6,,,,,1,16.0,16,16,,,No hay moda,,1,7.0,7,7,,,No hay moda,,1,
GAS STATION,69,2014.1739130434783,2012,2016,2.0869565217391997,1.4446302370292543,2016,-1.3346148394059159,69,6.217391304347826,1,12,10.84910485933504,3.293797938449631,Junio,-0.9205543350889789,69,14.971014492753623,1,31,90.44032395566926,9.510011774738729,3,-1.3822819704546538,69,12.028985507246377,0,23,59.76385336743394,7.730708464780827,19,-1.377506732617545,69,
GOVERNMENT BUILDING,1,2014.0,2014,2014,,,No hay moda,,1,10.0,10,10,,,,,1,13.0,13,13,,,No hay moda,,1,6.0,6,6,,,No hay moda,,1,
GOVERNMENT BUILDING/PROPERTY,19,2013.6315789473683,2012,2016,2.0233918128655293,1.4224597754824315,2012,-0.9628544909224726,19,6.7894736842105265,1,12,12.50877192982456,3.5367742265833932,Octubre,-1.252245560861129,19,15.368421052631579,1,31,99.0233918128655,9.95104978446322,4,-1.5123992090471643,19,12.210526315789474,5,22,24.397660818713447,4.939398831711553,10,-0.5808280127059162,19,
GROCERY FOOD STORE,73,2014.0,2012,2016,2.000000000000064,1.4142135623731176,2013,-1.3176391683433937,73,6.2465753424657535,1,12,11.216133942161342,3.3490497073291317,Junio,-1.0795174393920908,73,16.246575342465754,1,30,76.27168949771689,8.733366447007528,5,-1.2815652112346605,73,14.273972602739725,0,23,29.28500761035008,5.411562400116077,19,0.4730314079437683,73,
HIGHWAY/EXPRESSWAY,2,2014.5,2013,2016,4.5,2.1213203435596424,No hay moda,,2,7.0,4,10,18.0,4.242640687119285,,,2,27.5,25,30,12.5,3.5355339059327378,No hay moda,,2,17.5,12,23,60.5,7.7781745930520225,No hay moda,,2,
HOSPITAL BUILDING/GROUNDS,31,2014.0,2012,2016,2.3333333333332944,1.5275252316519339,2016,-1.4552126269226902,31,6.161290322580645,1,12,10.939784946236559,3.307534572190676,Abril,-1.0152203575311396,31,15.03225806451613,2,29,74.56559139784946,8.63513702252891,7,-1.199919291348301,31,12.548387096774194,1,23,43.7225806451613,6.612305244403142,14,-0.8257076679085538,31,
HOTEL/MOTEL,28,2013.9285714285713,2012,2016,2.365079365079267,1.5378814535195056,2013,-1.5192313582547692,28,7.428571428571429,1,12,11.66137566137566,3.4148756436180308,Agosto,-0.8614201635598144,28,14.285714285714286,1,29,72.95238095238096,8.541216596737316,11,-1.061722272709873,28,13.5,0,23,42.851851851851855,6.5461325874024165,7,-0.9990509995812653,28,
JAIL / LOCK-UP FACILITY,2,2015.0,2015,2015,0.0,0.0,2015,,2,5.0,1,9,32.0,5.656854249492381,,,2,9.0,5,13,32.0,5.656854249492381,No hay moda,,2,11.0,2,20,162.0,12.727922061357855,No hay moda,,2,
LAKEFRONT/WATERFRONT/RIVERBANK,1,2013.0,2013,2013,,,No hay moda,,1,7.0,7,7,,,,,1,17.0,17,17,,,No hay moda,,1,5.0,5,5,,,No hay moda,,1,
LIBRARY,6,2013.6666666666667,2012,2015,1.4666666666667083,1.2110601416390139,2013,-1.5495867768594618,6,9.0,2,12,16.8,4.09878030638384,Noviembre,0.38690476190476186,6,14.0,2,29,132.4,11.50651989091402,No hay moda,-2.1461788410109435,6,15.0,13,20,8.4,2.898275349237888,13,0.5952380952380949,6,
MEDICAL/DENTAL OFFICE,4,2013.0,2012,2014,0.6666666666666666,0.816496580927726,2013,1.5,4,4.0,1,7,6.0,2.449489742783178,Abril,1.5,4,18.75,10,31,110.25,10.5,10,-3.901234567901234,4,11.5,9,14,5.666666666666667,2.3804761428476167,No hay moda,-4.339100346020761,4,
NURSING HOME/RETIREMENT HOME,22,2014.090909090909,2012,2016,1.896103896103905,1.3769908845391479,2015,-0.983917195879668,22,7.409090909090909,1,12,8.062770562770561,2.8395018159477483,Agosto,0.1305205775937086,22,13.590909090909092,1,30,97.3008658008658,9.864120122994539,3,-1.488736623174522,22,14.454545454545455,2,21,25.68831168831169,5.06836380780935,16,0.01576187511834748,22,
OTHER,270,2013.9777777777779,2012,2016,1.96976456009921,1.4034830102638258,2015,-1.2724870554064365,270,6.803703703703704,1,12,10.894410023406301,3.3006681177310604,Julio,-0.9760044232917311,270,14.818518518518518,1,31,78.74389370783425,8.87377561739276,1,-1.0520094611079895,270,13.281481481481482,0,23,31.99482307586397,5.656396651213913,12,-0.175629340041779,270,
OTHER COMMERCIAL TRANSPORTATION,2,2015.5,2015,2016,0.5,0.7071067811865476,No hay moda,,2,6.0,1,11,50.0,7.0710678118654755,,,2,3.5,1,6,12.5,3.5355339059327378,No hay moda,,2,17.5,14,21,24.5,4.949747468305833,No hay moda,,2,
OTHER RAILROAD PROP / TRAIN DEPOT,7,2014.0,2012,2016,2.3333333333333237,1.5275252316519434,2012,-1.1142857142857148,7,4.285714285714286,1,9,8.238095238095239,2.870208222079931,Enero,-0.31897490728056344,7,11.142857142857142,1,22,55.80952380952382,7.470577207252718,No hay moda,-1.1101509627368982,7,15.857142857142858,3,22,41.8095238095238,6.466028441750299,14,2.500067973910472,7,
PARK PROPERTY,57,2013.6315789473683,2012,2016,2.1654135338347196,1.471534414763963,2012,-1.2089208418091768,57,6.771929824561403,1,12,5.8577694235589,2.42028292221362,Junio,0.03796513151641978,57,15.350877192982455,1,29,65.44611528822055,8.089877334559564,8,-1.1136168800334594,57,15.929824561403509,0,23,23.423558897243108,4.839789137683904,18,2.61975160976161,57,
PARKING LOT,1,2016.0,2016,2016,,,No hay moda,,1,9.0,9,9,,,,,1,12.0,12,12,,,No hay moda,,1,2.0,2,2,,,No hay moda,,1,
PARKING LOT/GARAGE(NON.RESID.),210,2013.942857142857,2012,2016,1.9775803144226347,1.4062646672737797,2015,-1.3072524229694493,210,6.223809523809524,1,12,9.944884939621792,3.1535511633112585,Abril,-0.9460775480598222,210,15.485714285714286,1,31,64.39453178400551,8.024620351393922,12,-1.0171139327143361,210,13.871428571428572,0,23,35.96903622693094,5.997419130503632,15,-0.2345031259701762,210,
PAWN SHOP,1,2015.0,2015,2015,,,No hay moda,,1,8.0,8,8,,,,,1,18.0,18,18,,,No hay moda,,1,15.0,15,15,,,No hay moda,,1,
POLICE FACILITY/VEH PARKING LOT,14,2013.857142857143,2012,2016,2.2857142857142936,1.5118578920369115,2013,-1.3928103146853497,14,6.214285714285714,1,11,14.489010989010989,3.806443351609346,Febrero,-1.7152667201706788,14,12.0,1,30,88.15384615384616,9.389027966400258,1,-0.722753147549617,14,12.214285714285714,0,21,57.25824175824175,7.566917586325475,0,-1.3057213739644893,14,
PORCH,1,2013.0,2013,2013,,,No hay moda,,1,5.0,5,5,,,,,1,30.0,30,30,,,No hay moda,,1,6.0,6,6,,,No hay moda,,1,
RESIDENCE,1155,2013.830303030303,2012,2016,1.9729110866025892,1.40460353360035,2012,-1.2803055862946098,1155,6.47012987012987,1,12,11.660068873933682,3.414684300771256,Abril,-1.1865428206655442,1155,15.381818181818181,1,31,78.74576965495496,8.873881318507419,5,-1.2023675806324479,1155,12.078787878787878,0,23,41.89413371146481,6.472567783458494,12,-0.8535881200326632,1155,
RESIDENCE PORCH/HALLWAY,116,2014.0689655172414,2012,2016,1.7865067466267441,1.3366026883957491,2014,-1.1097197427486876,116,6.612068965517241,1,12,9.961244377811088,3.1561439095534105,Julio,-0.9684069364989747,116,16.71551724137931,1,31,88.2748875562219,9.395471651610785,30,-1.297987438177165,116,13.318965517241379,0,23,39.5756371814093,6.290917038191594,14,-0.5300658786474712,116,
RESIDENCE-GARAGE,114,2013.8070175438597,2012,2016,2.1748175749106236,1.4747262711807312,2012,-1.3359307532510032,114,6.5964912280701755,1,12,11.322465455674587,3.3648871386236103,Marzo,-1.144885707404085,114,16.92982456140351,1,31,77.55255395124982,8.806392788835268,17,-1.1080157910543091,114,12.789473684210526,0,23,48.39776432231018,6.956850172478216,17,-1.0859667936023598,114,
RESIDENTIAL YARD (FRONT/BACK),147,2013.8775510204082,2012,2016,2.286273413474984,1.5120427948556827,2012,-1.4396141169587247,147,7.122448979591836,1,12,8.32736930388594,2.88571816085458,Julio,-0.6151948352249494,147,15.564625850340136,1,31,79.58997297549159,8.921321257274148,4,-1.1882130586830835,147,12.986394557823129,0,23,49.90392321312086,7.064270890411895,15,-0.9023794333435879,147,
RESTAURANT,106,2014.0849056603774,2012,2016,1.849865229110447,1.3600975072069086,2014,-1.1775168879627351,106,6.5,1,12,10.404761904761907,3.2256413168177747,Agosto,-1.0392207743339048,106,15.632075471698114,1,31,85.05381850853547,9.222462713859866,30,-1.2412750591310726,106,13.462264150943396,0,23,50.022371967655005,7.072649571953569,12,-0.8774869930340081,106,
SAVINGS AND LOAN,1,2015.0,2015,2015,,,No hay moda,,1,8.0,8,8,,,,,1,14.0,14,14,,,No hay moda,,1,13.0,13,13,,,No hay moda,,1,
"SCHOOL, PRIVATE, BUILDING",16,2014.1875,2012,2016,1.7624999999999438,1.3275918047351543,2014,-0.9541165539354766,16,6.125,1,11,10.116666666666667,3.1806707887907337,Septiembre,-1.4159909229240402,16,14.4375,1,31,94.39583333333333,9.715751815136764,4,-1.0578485539277915,16,12.0,0,21,22.66666666666667,4.760952285695234,13,2.4703943115707823,16,
"SCHOOL, PRIVATE, GROUNDS",6,2014.5,2012,2016,2.3000000000000567,1.5165750888103289,2014,0.2835538752362945,6,7.166666666666667,2,12,16.166666666666664,4.020779360604939,Octubre,-2.206270591986396,6,7.666666666666667,1,20,43.46666666666667,6.592925501373928,8,3.1400551394482257,6,13.333333333333334,10,15,3.4666666666666672,1.8618986725025257,13,1.852810650887582,6,
"SCHOOL, PUBLIC, BUILDING",119,2013.8067226890757,2012,2016,1.6657171343114376,1.2906266440421248,2015,-1.1364101846733983,119,5.92436974789916,1,12,11.765418031619426,3.4300755139820795,Marzo,-1.292455675288844,119,14.554621848739496,1,31,77.84233015239992,8.822830053469234,5,-1.1516441163222724,119,11.61344537815126,0,22,9.984902435550495,3.159889623950573,11,1.4541177519387243,119,
"SCHOOL, PUBLIC, GROUNDS",29,2013.6896551724137,2012,2016,2.2931034482758834,1.5142996560376956,2012,-1.3980533696740847,29,7.551724137931035,1,12,12.184729064039407,3.490663126690888,Diciembre,-1.2270445883900716,29,13.310344827586206,1,25,49.79310344827586,7.05642285072797,5,-1.1914975625275575,29,12.655172413793103,0,22,27.233990147783253,5.218619563427023,15,0.7499622613222461,29,
SIDEWALK,821,2013.6699147381241,2012,2016,1.9433498707703407,1.3940408425761208,2012,-1.1738874416843466,821,6.7113276492082825,1,12,10.849493479100435,3.293856930575527,Agosto,-1.0627584829639305,821,15.758830694275273,1,31,78.29054692373968,8.848194557294708,10,-1.203065075822995,821,14.326431181485992,0,23,43.18355663824607,6.571419682096561,19,-0.490446402648689,821,
SMALL RETAIL STORE,134,2014.1268656716418,2012,2016,1.9762652900908086,1.4057970301899234,2015,-1.2813010144137447,134,6.574626865671642,1,12,11.855291213107401,3.443151349143311,Marzo,-1.2797585562644538,134,16.350746268656717,2,31,72.21439793513633,8.497905502836351,26,-1.257315363594426,134,13.76865671641791,0,23,29.863371114353043,5.46473888803052,10,0.3873887564538556,134,
SPORTS ARENA/STADIUM,3,2014.6666666666667,2014,2016,1.3333333333332575,1.1547005383792186,2014,,3,8.0,7,9,1.0,1.0,,,3,20.666666666666668,6,31,170.33333333333334,13.051181300301263,No hay moda,,3,10.0,1,22,117.0,10.816653826391969,No hay moda,,3,
STREET,1594,2013.8531994981179,2012,2016,2.0349332596105465,1.426510869082513,2012,-1.3016622286414796,1594,6.612296110414053,1,12,11.034776519922081,3.321863410786494,Junio,-1.1030046661831294,1594,15.8732747804266,1,31,76.96447049946399,8.772939672621941,20,-1.1907950088140578,1594,13.923462986198244,0,23,49.527095093732726,7.037548940769984,20,-0.8897093230113047,1594,
TAVERN/LIQUOR STORE,16,2014.3125,2012,2016,1.829166666666702,1.3524668819112362,2013,-1.4222826586813908,16,5.75,1,11,13.933333333333334,3.7327380477785117,Enero,-1.4257387035024913,16,14.1875,1,28,78.69583333333334,8.87106720374349,14,-1.110907783893079,16,12.6875,1,22,60.22916666666667,7.760745239129208,1,-1.3193318458390313,16,
TAXICAB,9,2013.7777777777778,2012,2015,1.4444444444444637,1.201850425154671,2014,-1.0993237531697462,9,8.0,3,12,10.0,3.1622776601683795,Mayo,-1.3357142857142854,9,13.333333333333334,2,26,99.75,9.987492177719089,2,-2.078640927417003,9,7.555555555555555,0,19,71.02777777777777,8.427797919847022,1,-1.9126822137591533,9,
VACANT LOT/LAND,24,2013.3333333333333,2012,2016,1.7101449275362106,1.3077250963165807,2012,-0.5304286348524521,24,5.5,1,11,9.652173913043478,3.106794797382582,Marzo,-1.2740806794860848,24,14.0,1,31,88.34782608695652,9.399352429128111,2,-0.9482699046566925,24,12.291666666666666,0,22,43.2590579710145,6.57716184771323,9,-0.7829492104716174,24,
VEHICLE - OTHER RIDE SERVICE,2,2016.0,2016,2016,0.0,0.0,2016,,2,4.5,2,7,12.5,3.5355339059327378,,,2,20.5,17,24,24.5,4.949747468305833,No hay moda,,2,9.5,3,16,84.5,9.192388155425117,No hay moda,,2,
VEHICLE NON-COMMERCIAL,127,2013.7795275590552,2012,2016,2.093863267091659,1.4470187514651145,2012,-1.3368361816899383,127,6.5984251968503935,1,12,12.750156230471193,3.5707360908461427,Noviembre,-1.2274060975456953,127,16.976377952755904,1,31,86.24546931633547,9.286843883491068,24,-1.30238853753602,127,13.133858267716535,0,23,55.57717785276839,7.455010251687679,0,-1.125910431165811,127,
VEHICLE-COMMERCIAL,4,2014.0,2013,2015,0.6666666666666666,0.816496580927726,2014,1.5,4,6.0,2,12,20.666666666666668,4.546060565661952,,-0.7476586888657657,4,12.0,4,29,139.33333333333334,11.803954139750516,4,2.247235640209702,4,13.25,9,21,28.25,5.315072906367325,No hay moda,3.047693633017463,4,
WAREHOUSE,10,2014.2,2012,2016,2.6222222222221787,1.6193277068654692,2016,-1.694863955349411,10,5.5,1,10,9.61111111111111,3.100179206289712,Mayo,-1.4032925542832322,10,19.2,7,28,47.51111111111111,6.892830413633511,No hay moda,-0.6658183557191752,10,16.7,8,23,23.566666666666663,4.8545511292669135,18,-0.3619864627688991,10,
